IM,DCR,P,Upper,Lower
0.01,0.007944428337113762,1.846519175464285e-65,3.0102076880579367e-58,4.181033237262281e-73
0.02,0.015600818952855878,5.198444532759236e-49,7.927726907517812e-43,1.2597153588939633e-55
0.03,0.023152131596365637,1.5980112997344517e-40,6.10475746053213e-35,1.547344637204962e-46
0.04,0.03063600572274908,5.22765358354685e-35,7.486754790901752e-30,1.3514550223685993e-40
0.05,0.03807012962964367,5.082548542908734e-31,3.403163160378146e-26,2.812732453097971e-36
0.060000000000000005,0.04546484631502344,5.9780465553251675e-28,2.1519647383119027e-23,6.1586692889356335e-33
0.06999999999999999,0.05282695199119462,1.741709274434444e-25,3.7117887779855314e-21,3.033334887853816e-30
0.08,0.060161254962355755,1.8981732001770497e-23,2.5698653649774506e-19,5.207855986664376e-28
0.09,0.06747133647758101,1.0009484404372913e-21,9.085548297253375e-18,4.099340019209196e-26
0.09999999999999999,0.07475996694302112,3.029259964822475e-20,1.9235256858667033e-16,1.7748470343507907e-24
0.11,0.08202935295776505,5.923944155397226e-19,2.7235032260817997e-15,4.797614172444701e-23
0.12,0.08928129325133852,8.153632327238662e-18,2.7922587609226044e-14,8.872082795670395e-22
0.13,0.09651728198556182,8.416226472594381e-17,2.1987021407706227e-13,1.2014289645731045e-20
0.14,0.10373857990457384,6.837352734315886e-16,1.3906026806137199e-12,1.2547489446419996e-19
0.15000000000000002,0.11094626493873395,4.539081918106965e-15,7.313983560504776e-12,1.0522631731312676e-18
0.16,0.11814126917850683,2.536641769204651e-14,3.288061510030084e-11,7.31616707343683e-18
0.17,0.12532440651672683,1.2221623449238074e-13,1.2915949097396097e-10,4.327177286313183e-17
0.18000000000000002,0.13249639372747848,5.17632836807214e-13,4.5132905018245876e-10,2.223293847582042e-16
0.19,0.1396578668196494,1.958386742541292e-12,1.423786705291405e-09,1.0096654497629951e-15
0.2,0.1468093939183659,6.707446237632322e-12,4.104960151453391e-09,4.1116482291358005e-15
0.21000000000000002,0.153951485548848,2.1031689875543598e-11,1.0928480208765388e-08,1.5198136506204327e-14
0.22,0.16108460294563293,6.095158053388402e-11,2.7101134838627388e-08,5.152073787592789e-14
0.23,0.16820916483909837,1.6459788183485307e-10,6.307065239249419e-08,1.6159407077754468e-13
0.24000000000000002,0.17532555305256825,4.170942250876168e-10,1.386310208665627e-07,4.725240429992352e-13
0.25,0.18243411715945082,9.9781473272803e-10,2.89396222403504e-07,1.2967073345945323e-12
0.26,0.18953517838962997,2.265517323877603e-09,5.765255097011604e-07,3.3587509731285396e-12
0.27,0.19662903293040956,4.9045346627992225e-09,1.1007014024000176e-06,8.253192476963603e-12
0.28,0.20371595473483772,1.0165101859983771e-08,2.021421416551572e-06,1.9324345036435637e-11
0.29000000000000004,0.21079619792592438,2.024300896551715e-08,3.5826449009357898e-06,4.3284762914016134e-11
0.3,0.21786999886685293,3.885783812261538e-08,6.145722048194743e-06,9.307476207871755e-11
0.31,0.22493757795319025,7.210455382070392e-08,1.0230316580106917e-05,1.927309323712423e-10
0.32,0.23199914117220194,1.296693542010766e-07,1.656372014418099e-05,3.8539695361708674e-10
0.33,0.23905488146587908,2.2651640733306578e-07,2.6138558491952415e-05,7.460957334260676e-10
0.34,0.24610497992759084,3.8516614842008075e-07,4.027842925336341e-05,1.4015067421100263e-09
0.35000000000000003,0.25314960685697274,6.386968645360033e-07,6.0710517427871044e-05,2.5597715751451514e-09
0.36000000000000004,0.2601889226934191,1.0346080136956791e-06,8.964374024116548e-05,4.55429353532064e-09
0.37,0.267223078845138,1.639684905433588e-06,0.0001298505111675157,7.90660479639259e-09
0.38,0.2742522184279612,2.545999026317476e-06,0.0001847498149001891,1.3414639196127063e-08
0.39,0.2812764769258512,3.878165756249688e-06,0.000258488977382589,2.227415061760472e-08
0.4,0.28829598278320145,5.801961200308939e-06,0.0003560213176536331,3.624252528791583e-08
0.41000000000000003,0.2953108579375023,8.534372482860179e-06,0.0004831767934997632,5.785580857644e-08
0.42000000000000004,0.30232121829968656,1.2355121663794087e-05,0.0006467228049773152,9.071134966937824e-08
0.43,0.3093271741884182,1.76196633857176e-05,0.0008544124952531713,1.398299983364216e-07
0.44,0.3163288307237087,2.4773611735550573e-05,0.0011150181764868164,2.1211319753232872e-07
0.45,0.32332628818450787,3.436850416681867e-05,0.00143834789357169,3.1691153042285313e-07
0.46,0.3303196423342961,4.707876142826054e-05,0.0018352436002422715,4.667222264480017e-07
0.47000000000000003,0.33730898471817294,6.371965411977258e-05,0.0023175599375394526,6.780337367460645e-07
0.48000000000000004,0.3442944029344925,8.526604058409092e-05,0.0028981231500909586,9.723356892438207e-07
0.49,0.3512759808837104,0.00011287159908446416,0.0035906702276659744,1.3773122718479504e-06
0.5,0.35825379899678167,0.00014788824118484888,0.004409768896134111,1.9282363244618914e-06
0.51,0.3652279344451633,0.00019188536427213978,0.005370719583933606,2.6695801174670815e-06
0.52,0.3721984613342377,0.0002466685802855969,0.006489440941233564,3.6568569424643167e-06
0.53,0.37916545088175735,0.00031429754567538205,0.007782340876524878,4.9587052442294125e-06
0.54,0.3861289715827327,0.0003971025147970326,0.009266175390471728,6.659224102181433e-06
0.55,0.39308908936202436,0.000497699245429813,0.010957897724237437,8.860565463363635e-06
0.56,0.400045867715765,0.0006190019006395287,0.012874500497323901,1.1685784691064932e-05
0.5700000000000001,0.4069993678426113,0.0007642336152621113,0.015032853589466974,1.5281946792055077e-05
0.5800000000000001,0.4139496487657257,0.0009369344270880191,0.017449540526167692,1.982348120131579e-05
0.59,0.42089676744628834,0.0011409663114017282,0.020140696063997484,2.5515773325988433e-05
0.6,0.4278407788892635,0.0013805151017437915,0.023121847547512675,3.259897627664151e-05
0.61,0.4347817362420675,0.0016600891283768938,0.02640776243317608,4.135202144429096e-05
0.62,0.44171969088672464,0.0019845144576573098,0.030012304156511828,5.2096801917202195e-05
0.63,0.44865469252603707,0.0023589266690311824,0.03394829826643995,6.520249827168208e-05
0.64,0.45558678926424884,0.0027887591604119867,0.038227410474860064,8.109001211059723e-05
0.65,0.462516027682634,0.0032797280260361953,0.04286003797915948,0.00010023646894988989
0.66,0.46944245291040343,0.003837813602417898,0.047855215118843435,0.00012317974874562765
0.67,0.4763661086912847,0.004469238826725886,0.05322053413250641,0.00015052299957990742
0.68,0.4832870374461023,0.00518044459692031,0.058962081494538916,0.0001829390878391235
0.6900000000000001,0.4902052803316512,0.005978062363587236,0.06508439003790831,0.0002211749366654176
0.7000000000000001,0.4971208772961358,0.006868884219027581,0.07159040681466586,0.0002660557035709907
0.7100000000000001,0.5040338671314192,0.007859830779372964,0.07848147641307841,0.00031848874789101487
0.72,0.5109442875223105,0.00895791718004434,0.08575733924206141,0.0003794673392165127
0.73,0.5178521750930956,0.010170217523610772,0.09341614411158322,0.0004500740590833122
0.74,0.5247575654515004,0.011503828132044473,0.10145447428279497,0.0005314838499744505
0.75,0.5316604932302644,0.012965829962625736,0.10986738603395613,0.00062496666808787
0.76,0.5385609921264798,0.014563250548544368,0.11864845868728086,0.000731889699285515
0.77,0.5454590949388484,0.016303025821887807,0.12778985496664919,0.0008537191011226577
0.78,0.5523548336029898,0.018191962168578022,0.13728239050525404,0.000992021237798756
0.79,0.5592482392249267,0.020236699052360658,0.14711561129396006,0.0011484633792095357
0.8,0.5661393421128642,0.022443672528642784,0.15727787785344566,0.001324813839946466
0.81,0.5730281718073689,0.024819079949325334,0.1677564549239277,0.0015229415390139059
0.8200000000000001,0.5799147571100486,0.027368846137310877,0.17853760549320885,0.0017448149661445805
0.8300000000000001,0.5867991261108239,0.030098591284608688,0.1896066880246845,0.001992500545819626
0.8400000000000001,0.5936813062138759,0.033013600801429344,0.20094825579956394,0.002268160395370326
0.85,0.6005613241623516,0.03611879731586035,0.21254615734975285,0.0025740494787877453
0.86,0.6074392060618978,0.0394187149951191,0.22438363702755265,0.002912512163030179
0.87,0.6143149774030937,0.042917476330442135,0.23644343483364316,0.0032859781886368403
0.88,0.6211886630828458,0.046618771498795626,0.24870788470396032,0.0036969580712756015
0.89,0.6280602874248029,0.05052584038615929,0.26115901053744717,0.004148037955423087
0.9,0.6349298741988489,0.054641457329480454,0.27377861932883873,0.004641873945654871
0.91,0.6417974466397224,0.0589679186077943,0.2865483908523333,0.005181185944973186
0.92,0.6486630274648127,0.06350703268772943,0.2994499634221762,0.005768751033190656
0.93,0.6555266388911779,0.06826011320485091,0.31246501533385823,0.0064073964215943914
0.9400000000000001,0.662388302651825,0.07322797464021491,0.3255753416640855,0.007099992022917917
0.9500000000000001,0.6692480400112935,0.0784109306312418,0.3387629261782815,0.007849442678036184
0.9600000000000001,0.676105871780578,0.08380879483765385,0.3520100081606624,0.008658680082763846
0.97,0.682961818331426,0.08942088426681549,0.3652991440435295,0.009530654459677964
0.98,0.6898158996100406,0.0952460249483994,0.3786132637691251,0.010468326021006766
0.99,0.6966681351502216,0.10128255983586854,0.39193572186905024,0.011474656269333737
1.0,0.7035185440859717,0.10752835880178302,0.4052503432928128,0.012552599183173646
1.01,0.710367145163595,0.11398083058537878,0.4185414640585786,0.01370509233439938
1.02,0.7172139567533135,0.12063693654413071,0.4317939668357552,0.014935047984055498
1.03,0.7240589968604245,0.12749320605605302,0.44499331160077354,0.016245344202307013
1.04,0.7309022831360235,0.1345457534161758,0.4581255615345613,0.017638816057164844
1.05,0.737743832887309,0.1417902960688942,0.47117740435293765,0.019118246915226796
1.06,0.7445836630874954,0.14922217401758264,0.4841361692797833,0.02068635989600512
1.07,0.7514217903853473,0.15683637025388392,0.4969898398875936,0.02234580951950278
1.08,0.7582582311143558,0.16462753205131342,0.5097270630412202,0.02409917358458024
1.09,0.7650930013015723,0.17258999297112237,0.522337154188545,0.025948945313355593
1.1,0.7719261166761169,0.18071779543262984,0.5348100992467779,0.027897525794424022
1.11,0.778757592677374,0.18900471370533667,0.5471365533353522,0.02994721675510282
1.12,0.7855874444628917,0.19744427718595614,0.5593078366062756,0.03210021369023036
1.1300000000000001,0.7924156869159975,0.20602979382992692,0.5713159274205709,0.0343585993722966
1.1400000000000001,0.7992423346531407,0.21475437361389893,0.5831534531153573,0.03672433776488584
1.1500000000000001,0.8060674020309785,0.2236109519130109,0.5948136786004675,0.03919926835859576
1.1600000000000001,0.8128909031532109,0.23259231268439184,0.6062904930164562,0.041785100945774076
1.17,0.8197128518771807,0.24169111135615967,0.6175783946777145,0.044483410847621065
1.18,0.8265332618202456,0.2508998973291378,0.6286724745153102,0.04729563460444536
1.19,0.8333521463659321,0.2602111360065194,0.6395683982243601,0.050223066137162466
1.2,0.8401695186698821,0.2696172302746994,0.6502623873103621,0.05326685338550064
1.21,0.8469853916656007,0.27911054136639973,0.6607511992181304,0.05642799542584303
1.22,0.8537997780700105,0.288683409044973,0.6710321067159178,0.059707340069193676
1.23,0.8606126903888244,0.29832817105637344,0.681102876696145,0.06310558193743757
1.24,0.8674241409217426,0.30803718180262746,0.6909617485429317,0.06662326101385586
1.25,0.8742341417674795,0.3178028301977365,0.7006074122054918,0.07026076166178163
1.26,0.8810427048286301,0.32761755667375425,0.710038986105484,0.07401831210334453
1.27,0.8878498418163799,0.33747386931126033,0.7192559949956527,0.0778959843484438
1.28,0.8946555642550661,0.3473643590746085,0.7282583478766478,0.08189369456243423
1.29,0.901459883486595,0.3572817141381245,0.7370463160687919,0.08601120385948946
1.3,0.9082628106747216,0.3672187332948692,0.7456205115258444,0.09024811950723771
1.31,0.9150643568091971,0.3771683384446549,0.7539818654684949,0.09460389652703544
1.32,0.9218645327097876,0.38712358616269793,0.7621316074064541,0.09907783967316292
1.33,0.9286633490301726,0.39707767835463104,0.7700712446096045,0.10366910577327915
1.34,0.9354608162617223,0.40702397200755225,0.7778025420807301,0.10837670641167063
1.35,0.9422569447371646,0.41695598805039974,0.7853275030748947,0.11319951093615505
1.36,0.9490517446341405,0.42686741934018574,0.7926483502035533,0.11813624976895792
1.37,0.9558452259786556,0.4367521377935337,0.7997675071549804,0.12318551800146366
1.3800000000000001,0.9626373986484285,0.4466042006855362,0.8066875810565631,0.12834577925244206
1.3900000000000001,0.969428272376144,0.4564178561402136,0.8134113454989396,0.13361536976916832
1.4000000000000001,0.9762178567526096,0.46618754783879385,0.8199417242368259,0.1389925027507689
1.4100000000000001,0.983006161229823,0.4759079189737138,0.8262817755766946,0.14447527287315848
1.42,0.9897931951239505,0.4855738154776096,0.8324346774571809,0.1500616609950366
1.43,0.996578967618223,0.49518028855771024,0.8384037132242258,0.1557495390246283
1.44,1.0033634877657478,0.5047225965669172,0.8441922580994612,0.1615366749271266
1.45,1.010146764492244,0.5141962062435257,0.8498037663372207,0.1674207378531623
1.46,1.0169288065987014,0.5235967933519812,0.8552417590627601,0.17339930336904713
1.47,1.023709622763965,0.5329202427573154,0.8605098127818078,0.17946985877002308
1.48,1.03048922154725,0.5421626479659926,0.8656115485494058,0.18562980845829763
1.49,1.0372676113905885,0.551320310165789,0.8705506217841135,0.19187647936822882
1.5,1.044044800621208,0.5603897367971007,0.8753307127120339,0.19820712642165583
1.51,1.0508207974538488,0.5693676396876977,0.8799555174237532,0.20461893799704695
1.52,1.0575956099930184,0.5782509327824459,0.8844287395261304,0.21110904139682474
1.53,1.0643692462351855,0.5870367294989169,0.8887540823699446,0.2176745082979612
1.54,1.0711417140709167,0.5957223397391102,0.8929352418336616,0.22431236017167455
1.55,1.0779130212869594,0.6043052665867339,0.8969758996430068,0.23101957365882647
1.56,1.0846831755682664,0.6127832027186322,0.9008797172056218,0.2377930858883756
1.57,1.0914521844999718,0.6211540265580467,0.9046503299398206,0.2446297997270384
1.58,1.098220055569315,0.6294157981964308,0.9082913420763167,0.25152658894907143
1.59,1.1049867961675153,0.637566755109531,0.9118063219117765,0.25848030331587857
1.6,1.1117524135916006,0.64560530769242,0.9151987974931413,0.26548777355591235
1.61,1.1185169150461869,0.6535300346370988,0.918472252711829,0.27254581623611057
1.62,1.125280307645217,0.6613396781752177,0.9216301237871976,0.27965123851686163
1.6300000000000001,1.1320425984136542,0.6690331392073658,0.9246757961189668,0.2868008427832337
1.6400000000000001,1.138803794289133,0.6766094723392961,0.9276126014886997,0.29399143114592624
1.6500000000000001,1.1455639021235717,0.6840678808443651,0.9304438155908832,0.3012198098061205
1.6600000000000001,1.1523229286847447,0.6914077115703733,0.9331726558746353,0.30848279327908124
1.6700000000000002,1.1590808806578152,0.6986284498079276,0.9358022796776002,0.31577720847203894
1.68,1.1658377646468334,0.7057297141363921,0.9383357826341435,0.3230998986125251
1.69,1.1725935871761972,0.7127112512624463,0.9407761973405462,0.3304477270239514
1.7,1.1793483546920782,0.719572930865266,0.9431264922604974,0.33781758074582374
1.71,1.1861020735638146,0.726314740461341,0.9453895708547992,0.3452063739965521
1.72,1.192854750085271,0.7329367803009865,0.9475682709198255,0.3526110514773627
1.73,1.1996063904761662,0.7394392583076655,0.9496653641199007,0.3600285915163356
1.74,1.20635700088337,0.7458224850703403,0.9516835556994022,0.367456009052087
1.75,1.21310658738217,0.7520868688981939,0.953625484361016,0.3748903584570747
1.76,1.2198551559775108,0.758232910946228,0.9554937222972016,0.38232873620095087
1.77,1.2266027126052017,0.764261200419436,0.957290775362537,0.38976828335478575
1.78,1.2333492631330998,0.7701724098624794,0.9590190833752306,0.3972061879373851
1.79,1.2400948133622651,0.7759672905410624,0.960681020536673,0.40463968710526943
1.8,1.24683936902809,0.7816466679204954,0.9622788959584986,0.4120660691882222
1.81,1.2535829358014023,0.7872114372462744,0.9638149542871833,0.4194826755726204
1.82,1.2603255192895464,0.7926625592308685,0.9652913764167722,0.4268869024350405
1.83,1.2670671250374372,0.7980010558503168,0.9667102802808589,0.4342762023288942
1.84,1.2738077585285936,0.8032280062536623,0.9680737217154661,0.4416480856270788
1.85,1.2805474251861477,0.8083445427877314,0.9693836953849756,0.44900012182384236
1.86,1.287286130373833,0.8133518471392587,0.9706421357637444,0.45632994069925076
1.87,1.2940238793969505,0.8182511465958995,0.9718509181665089,0.46363523334981305
1.8800000000000001,1.3007606775033143,0.8230437104272285,0.973011859821127,0.4709137530889687
1.8900000000000001,1.3074965298841779,0.8277308463864257,0.9741267209776385,0.4781633162212731
1.9000000000000001,1.3142314416751375,0.8323138973329638,0.975197206048035,0.4853818026942143
1.9100000000000001,1.3209654179570218,0.8367942379762758,0.9762249647715228,0.49256715663170975
1.9200000000000002,1.3276984637567568,0.8411732717400409,0.9772115934004376,0.4997173867533757
1.93,1.334430584048217,0.8454524277464505,0.9781586359023251,0.5068305666837501
1.94,1.3411617837530567,0.8496331579195293,0.9790675851740415,0.5139048351556749
1.95,1.3478920677415251,0.853716934206346,0.9799398842640497,0.5209383961120764
1.96,1.354621440833263,0.8577052459147188,0.9807769275993922,0.5279295187104067
1.97,1.3613499077980857,0.8615995971658243,0.981580062214109,0.5348765372340014
1.98,1.368077473356747,0.8654015044599228,0.9823505889761432,0.541777850914606
1.99,1.3748041421816894,0.8691124943532607,0.9830897638100344,0.5486319236703032
2.0,1.3815299188977799,0.8727341012440595,0.9837987989129406,0.5554372837630449
2.01,1.3882548080830284,0.876267865265372,0.9844788639617617,0.5621925233799481
2.02,1.394978814269294,0.8797153302824778,0.9851310873093474,0.5688962981424732
2.03,1.4017019419429757,0.8830780419923885,0.9857565571679792,0.5755473265475419
2.04,1.4084241955456918,0.8863575461229569,0.9863563227784988,0.5821443893445952
2.05,1.415145579474941,0.8895553867290105,0.9869313955636378,0.5886863288525088
2.0599999999999996,1.4218660980847573,0.8926731045828775,0.9874827502642652,0.5951720482202308
2.07,1.4285857556863473,0.895712235656625,0.9880113260574225,0.6016005106348998
2.0799999999999996,1.435304556548714,0.8986743096932993,0.9885180276551637,0.6079707384811315
2.09,1.442022504899274,0.901560848864435,0.9890037263833469,0.6142818124550752
2.0999999999999996,1.4487396049244587,0.9043733665110816,0.9894692612396487,0.6205328706367323
2.11,1.4554558607703039,0.9071133659655972,0.9899154399301907,0.6267231075239479
2.1199999999999997,1.4621712765430301,0.909782339451455,0.9903430398842689,0.632851773031379
2.13,1.4688858563096108,0.9123817670583241,0.9907528092467783,0.6389181714576445
2.1399999999999997,1.4755996040983297,0.9149131157897005,0.991145467848016,0.6449216604237601
2.15,1.482312523899329,0.9173778386803852,0.9915217081506242,0.6508616497858528
2.1599999999999997,1.489024619665144,0.9197773739811377,0.9918821961735182,0.6567376005250467
2.17,1.4957358953112323,0.9221131444078652,0.9922275723927101,0.6625490236173118
2.1799999999999997,1.5024463547164895,0.9243865564527448,0.9925584526190014,0.6682954788859464
2.19,1.5091560017237577,0.9265989997547186,0.9928754288525818,0.673976573839276
2.1999999999999997,1.5158648401403223,0.9287518465268457,0.9931790701146174,0.6795919624960276
2.21,1.5225728737384032,0.9308464510380469,0.9934699232559658,0.6851413442007527
2.2199999999999998,1.5292801062556323,0.9328841491468218,0.9937485137431945,0.6906244624315436
2.23,1.5359865413955283,0.9348662578845812,0.9940153464221188,0.6960411036022136
2.2399999999999998,1.5426921828279552,0.9367940750862823,0.9942709062591124,0.7013910958609761
2.25,1.5493970341895829,0.9386688790661217,0.9945156590604731,0.7066743078875947
2.26,1.5561010990843271,0.94049192833609,0.9947500521701521,0.7118906476908354
2.27,1.562804381083794,0.9422644613652589,0.9949745151461832,0.7170400614079983
2.28,1.569506883727705,0.9439876963777275,0.9951894604161661,0.7221225321081692
2.29,1.5762086105243267,0.9456628311872183,0.9953952839121785,0.7271380786007772
2.3,1.5829095649508795,0.9472910430663687,0.9955923656855056,0.732086754250914
2.31,1.5896097504539524,0.9488734886488371,0.9957810705015901,0.7369686458028213
2.32,1.596309170449899,0.950411303862389,0.9959617484156168,0.7417838722128298
2.3299999999999996,1.6030078283252367,0.9519056038912026,0.9961347353291533,0.746532583492977
2.34,1.60970572743703,0.9533574831656862,0.9963003535282786,0.7512149595664279
2.3499999999999996,1.6164028711132739,0.9547680153781654,0.9964589122036324,0.7558312091357613
2.36,1.623099262653268,0.9561382535228528,0.9966107079528256,0.760381568565093
2.3699999999999997,1.6297949053279837,0.9574692299585762,0.9967560252656529,0.7648663007769372
2.38,1.636489802380426,0.9587619564927985,0.9968951369925483,0.7692856941646427
2.3899999999999997,1.6431839570259898,0.9600174244855172,0.997028304796728,0.7736400615211578
2.4,1.6498773724528097,0.9612366049716924,0.9971557795904581,0.7779297389848232
2.4099999999999997,1.6565700518221014,0.9624204488009024,0.9972778019558879,0.7821550850028165
2.42,1.6632619982685037,0.9635698867929856,0.9973946025508826,0.7863164793128231
2.4299999999999997,1.6699532149004066,0.9646858299084746,0.9975064025002871,0.7904143219434352
2.44,1.6766437048002818,0.9657691694326849,0.9976134137730462,0.7944490322337342
2.4499999999999997,1.6833334710250014,0.9668207771723685,0.9977158395456037,0.7984210478724492
2.46,1.6900225166061558,0.967841505663893,0.997813874551994,0.8023308239570413
2.4699999999999998,1.6967108445503642,0.9688321883919554,0.9979077054210367,0.8061788320730052
2.48,1.7033984578395809,0.9697936400178816,0.9979975110010341,0.8099655593936348
2.4899999999999998,1.7100853594313947,0.9707266566166174,0.9980834626723679,0.8136915078004571
2.5,1.716771552259328,0.9716320159215501,0.9981657246483823,0.8173571930244954
2.51,1.7234570392331248,0.9725104775763495,0.9982444542649308,0.8209631438084749
2.52,1.73014182323904,0.9733627833930547,0.9983198022589622,0.8245099010900592
2.53,1.7368259071401198,0.9741896576156768,0.9983919130365051,0.8279980172061525
2.54,1.74350929377648,0.9749918071886186,0.9984609249304076,0.8314280551182858
2.55,1.7501919859655801,0.9757699220292607,0.9985269704481805,0.8348005876590564
2.56,1.75687398650249,0.9765246753040876,0.9985901765102779,0.8381161967995732
2.57,1.7635552981601568,0.9772567237077703,0.9986506646791494,0.8413754729378213
2.5799999999999996,1.7702359236896636,0.9779667077446521,0.9987085513793817,0.8445790142078402
2.59,1.7769158658204882,0.9786552520121155,0.9987639481092432,0.8477274258095788
2.5999999999999996,1.7835951272607518,0.9793229654853405,0.9988169616439359,0.8508213193592706
2.61,1.7902737106974727,0.9799704418029939,0.998867694230849,0.8538613122601529
2.6199999999999997,1.796951618796806,0.9805982595534165,0.9989162437771026,0.856848027093322
2.63,1.803628854204288,0.981206982560904,0.9989627040296591,0.8597820910285177
2.6399999999999997,1.8103054195450712,0.9817971601717008,0.999007164748273,0.8626641352545901
2.65,1.81698131742416,0.9823693275393558,0.999049711871542,0.8654947944294077
2.6599999999999997,1.8236565504266395,0.9829240059091068,0.9990904276763131,0.8682747061489311
2.67,1.8303311211179019,0.9834617029009873,0.9991293909306905,0.871004510435181
2.6799999999999997,1.8370050320438711,0.9839829127913718,0.9991666770408844,0.8736848492428047
2.69,1.843678285731221,0.9844881167926922,0.9992023581921294,0.8763163659839408
2.6999999999999997,1.8503508846875922,0.9849777833310824,0.9992365034839007,0.8788997050710696
2.71,1.8570228314018078,0.9854523683217254,0.9992691790596392,0.8814355114775314
2.7199999999999998,1.863694128344079,0.9859123154416929,0.9993004482311982,0.8839244303153786
2.73,1.8703647779662171,0.9863580564000892,0.999330371598213,0.886367106430234
2.7399999999999998,1.8770347827018332,0.9867900112053243,0.9993590071625871,0.8887641840128115
2.75,1.8837041449665428,0.987208588429356,0.9993864104382865,0.8911163062267528
2.76,1.8903728671581608,0.9876141854687585,0.9994126345566215,0.8934241148524327
2.77,1.8970409516568987,0.9880071888024866,0.9994377303671939,0.8956882499463817
2.78,1.9037084008255565,0.9883879742462183,0.9994617465346771,0.8979093495159672
2.79,1.910375217009712,0.9887569072031704,0.9994847296315955,0.9000880492089797
2.8,1.9170414025379066,0.9891143429112977,0.9995067242272582,0.9022249820177648
2.81,1.923706959721832,0.9894606266867894,0.9995277729730007,0.9043207779975437
2.82,1.9303718908565084,0.9897960941637948,0.9995479166838817,0.9063760639985614
2.8299999999999996,1.9370361982204671,0.9901210715303178,0.9995671944169738,0.9083914634117085
2.84,1.9436998840759234,0.9904358757602258,0.9995856435463882,0.9103675959272564
2.8499999999999996,1.9503629506689526,0.9907408148413316,0.9996032998351598,0.9123050773063542
2.86,1.9570254002296603,0.9910361879995142,0.9996201975041231,0.9142045191649324
2.8699999999999997,1.9636872349723518,0.9913222859188504,0.9996363692978975,0.9160665287696631
2.88,1.9703484570956995,0.9915993909577386,0.9996518465481002,0.9178917088456312
2.8899999999999997,1.9770090687829047,0.9918677773610006,0.9996666592339001,0.9196806573953689
2.9,1.9836690722018626,0.9921277114679578,0.9996808360400177,0.9214339675289167
2.9099999999999997,1.990328469505321,0.9923794519164767,0.9996944044122791,0.923152227304572
2.92,1.9969872628310361,0.992623249842995,0.9997073906108219,0.9248360195799903
2.9299999999999997,2.0036454543019304,0.9928593490785319,0.999719819761049,0.9264859218733165
2.94,2.0103030460262445,0.9930879863407034,0.9997317159024242,0.9281025062340171
2.9499999999999997,2.016960040097688,0.993309391421758,0.9997431020351977,0.9296863391230972
2.96,2.0236164385955906,0.9935237873726587,0.9997540001651473,0.9312379813023879
2.9699999999999998,2.0302722435850455,0.993731390683238,0.9997644313464163,0.9327579877325946
2.98,2.036927457117059,0.9939324114584569,0.9997744157225295,0.9342469074798045
2.9899999999999998,2.043582081228688,0.9941270535908019,0.9997839725656589,0.9357052836301545
3.0,2.050236117943188,0.9943155149288565,0.9997931203142174,0.937133653212366
3.01,2.0568895692701457,0.9944979874420892,0.9998018766088449,0.9385325471278622
3.02,2.063542437205621,0.994674657381897,0.9998102583268572,0.939902490088186
3.03,2.0701947237322798,0.9948457054389511,0.9998182816152212,0.9412440005594432
3.04,2.0768464308195305,0.9950113068968914,0.9998259619221178,0.9425575907135019
3.05,2.083497560423652,0.9951716317824156,0.999833314027152,0.9438437663856839
3.06,2.090148114487929,0.9953268450118157,0.9998403520702679,0.9451030270386958
3.07,2.0967980949427756,0.9954771065340111,0.9998470895794214,0.9463358657325386
3.08,2.1034475037058664,0.9956225714701321,0.9998535394970652,0.9475427691001626
3.09,2.1100963426822577,0.9957633902497061,0.9998597142054944,0.9487242173286166
3.0999999999999996,2.116744613764515,0.9958997087435019,0.999865625551101,0.9498806841454677
3.11,2.1233923188328316,0.9960316683930881,0.9998712848675866,0.9510126368102563
3.1199999999999997,2.130039459755151,0.9961594063371594,0.9998767029981718,0.9521205361107713
3.13,2.136686038387285,0.9962830555346895,0.9998818903168507,0.9532048363639253
3.1399999999999997,2.143332056573031,0.996402744884966,0.9998868567487277,0.9542659854210209
3.15,2.1499775161442893,0.9965185993445661,0.999891611789476,0.9553044246772068
3.1599999999999997,2.156622418921174,0.9966307400413282,0.9998961645239571,0.9563205890849206
3.17,2.1632667667121286,0.9967392843853801,0.9999005236440345,0.9573149071711299
3.1799999999999997,2.1699105613140373,0.9968443461772774,0.9999046974656179,0.9582878010581831
3.19,2.176553804512334,0.9969460357133136,0.9999086939449707,0.9592396864880872
3.1999999999999997,2.1831964980811103,0.997044459888057,0.9999125206943109,0.9601709728500378
3.21,2.1898386437832267,0.9971397222941705,0.9999161849967374,0.9610820632110321
3.2199999999999998,2.1964802433704125,0.9972319233195744,0.9999196938205093,0.9619733543493952
3.23,2.203121298583375,0.9973211602420061,0.9999230538327072,0.9628452367910652
3.2399999999999998,2.209761811151901,0.9974075273210327,0.9999262714123022,0.9636980948484768
3.25,2.2164017827949594,0.9974911158875743,0.9999293526626577,0.9645323066618975
3.26,2.223041215220801,0.9975720144309915,0.9999323034234896,0.9653482442430694
3.27,2.2296801101270596,0.9976503086837915,0.9999351292823075,0.9661462735210162
3.28,2.2363184692008478,0.9977260817040073,0.9999378355853595,0.9669267543898821
3.29,2.242956294118857,0.9977994139553049,0.9999404274481012,0.967690040758669
3.3,2.2495935865474515,0.9978703833848678,0.9999429097652109,0.9684364806027494
3.31,2.2562303481427617,0.9979390654991147,0.9999452872201698,0.9691664160170299
3.32,2.262866580550782,0.9980055334372991,0.9999475642944253,0.9698801832706505
3.33,2.2695022854074596,0.9980698580430429,0.9999497452761568,0.9705781128631059
3.34,2.276137464338787,0.9981321079338525,0.9999518342686603,0.9712605295816801
3.3499999999999996,2.282772118960891,0.9981923495686691,0.9999538351983689,0.9719277525600899
3.36,2.2894062508801256,0.9982506473134981,0.9999557518225237,0.9725800953382361
3.3699999999999997,2.296039861693154,0.9983070635051687,0.9999575877365126,0.9732178659229662
3.38,2.302672952987041,0.9983616585132674,0.9999593463808881,0.9738413668497558
3.3899999999999997,2.309305526339337,0.9984144908002941,0.9999610310480821,0.974450895245218
3.4,2.3159375833181617,0.998465616980083,0.9999626448888266,0.975046742890358
3.4099999999999997,2.3225691254822896,0.998515091874536,0.9999641909182964,0.9756291962844871
3.42,2.329200154381233,0.9985629685687095,0.9999656720219842,0.9761985367097206
3.4299999999999997,2.335830671555322,0.9986092984642976,0.9999670909613197,0.976755040295982
3.44,2.3424606785357898,0.998654131331555,0.9999684503790454,0.9772989780864431
3.4499999999999997,2.3490901768448462,0.9986975153596991,0.9999697528043567,0.9778306161033284
3.46,2.355719167995764,0.9987394972058319,0.9999710006578204,0.9783502154140216
3.4699999999999998,2.3623476534929506,0.9987801220424218,0.9999721962560776,0.9788580321974065
3.48,2.3689756348320308,0.9988194336033823,0.9999733418163426,0.9793543178103872
3.4899999999999998,2.375603113499919,0.9988574742287867,0.9999744394607065,0.9798393188545248
3.5,2.3822300909748977,0.9988942849082548,0.9999754912202529,0.980313277242741
3.51,2.3888565687266894,0.9989299053230488,0.9999764990389945,0.9807764302660328
3.52,2.3954825482165334,0.9989643738869115,0.9999774647776395,0.9812290106601507
3.53,2.402108030897256,0.998997727785684,0.9999783902171925,0.9816712466721922
3.54,2.4087330182133453,0.9990300030157346,0.9999792770624005,0.9821033621270674
3.55,2.415357511601019,0.9990612344212327,0.999980126945048,0.9825255764937915
3.56,2.4219815124882995,0.9990914557302991,0.9999809414271088,0.9829381049515676
3.57,2.4286050222950775,0.9991206995900659,0.9999817220037612,0.9833411584556186
3.58,2.4352280424331885,0.9991489976006738,0.9999824701062722,0.9837349438027335
3.59,2.4418505743064736,0.9991763803482393,0.9999831871047555,0.9841196636964946
3.5999999999999996,2.4484726193108517,0.9992028774368202,0.9999838743108109,0.984495516812152
3.61,2.455094178834384,0.9992285175194068,0.9999845329800476,0.9848626978611165
3.6199999999999997,2.461715254257341,0.9992533283279674,0.9999851643144991,0.9852213976550426
3.63,2.468335846952266,0.9992773367025768,0.9999857694649321,0.9855718031694732
3.6399999999999997,2.4749559582840406,0.9993005686196503,0.9999863495330564,0.9859140976070226
3.65,2.48157558960995,0.9993230492193134,0.9999869055736373,0.9862484604600744
3.6599999999999997,2.4881947422797417,0.9993448028319281,0.9999874385965178,0.9865750675729704
3.67,2.4948134176356933,0.9993658530038039,0.999987949568552,0.9868940912036732
3.6799999999999997,2.5014316170126683,0.999386222522115,0.9999884394154546,0.9872057000848805
3.69,2.508049341738183,0.9994059334390469,0.9999889090235712,0.9875100594845763
3.6999999999999997,2.514666593132461,0.999425007095197,0.9999893592415704,0.9878073312659992
3.71,2.5212833725084973,0.999443464142248,0.9999897908820635,0.9880976739470173
3.7199999999999998,2.527899681172115,0.9994613245649392,0.9999902047231539,0.9883812427588914
3.73,2.5345155204220244,0.9994786077023523,0.9999906015099184,0.9886581897044169
3.7399999999999998,2.541130891549881,0.9994953322685368,0.9999909819558258,0.9889286636154322
3.75,2.5477457958403407,0.9995115163724899,0.9999913467440927,0.9891928102096816
3.76,2.5543602345711194,0.9995271775375135,0.9999916965289818,0.9894507721470261
3.77,2.5609742090130463,0.9995423327199656,0.9999920319370424,0.9897026890849905
3.78,2.5675877204301196,0.9995569983274243,0.9999923535682991,0.989948697733642
3.79,2.5742007700795626,0.9995711902362819,0.9999926619973873,0.9901889319097924
3.8,2.5808133592118763,0.9995849238087873,0.9999929577746413,0.9904235225905176
3.81,2.5874254890708936,0.9995982139095513,0.9999932414271333,0.990652597965991
3.82,2.5940371608938317,0.9996110749215341,0.9999935134596697,0.9908762834916254
3.83,2.600648375911346,0.9996235207615267,0.9999937743557428,0.9910947019395208
3.84,2.6072591353475802,0.9996355648951462,0.9999940245784417,0.991307973449214
3.8499999999999996,2.613869440420218,0.9996472203513548,0.9999942645713241,0.9915162155777308
3.86,2.6204792923405344,0.9996584997365223,0.9999944947592508,0.991719543348936
3.8699999999999997,2.6270886923134458,0.9996694152480411,0.9999947155491834,0.9919180693021826
3.88,2.633697641537561,0.999679978687511,0.9999949273309479,0.9921119035402599
3.8899999999999997,2.6403061412052264,0.9996902014735053,0.9999951304779655,0.99230115377664
3.9,2.6469141925025794,0.9997000946539315,0.9999953253479522,0.9924859253820237
3.9099999999999997,2.6535217966095934,0.9997096689179988,0.9999955122835874,0.9926663214301888
3.92,2.660128954700128,0.9997189346078055,0.9999956916131542,0.9928424427431399
3.9299999999999997,2.6667356679419734,0.999727901729556,0.9999958636511526,0.993014387935564
3.94,2.6733419374968994,0.9997365799644217,0.9999960286988854,0.9931822534585945
3.9499999999999997,2.679947764520701,0.9997449786790547,0.9999961870450194,0.9933461336428858
3.96,2.6865531501632436,0.9997531069357652,0.9999963389661225,0.9935061207410028
3.9699999999999998,2.693158095568509,0.9997609735023747,0.9999964847271776,0.993662304969128
3.98,2.6997626018746397,0.9997685868617527,0.9999966245820743,0.9938147745480923
3.9899999999999998,2.7063666702139835,0.9997759552210492,0.9999967587740796,0.9939636157437318
4.0,2.7129703017131384,0.9997830865206312,0.9999968875362883,0.994108912906577
4.01,2.7195734974929935,0.9997899884427315,0.9999970110920549,0.9942507485108781
4.02,2.7261762586687768,0.9997966684198221,0.999997129655405,0.9943892031929736
4.03,2.7327785863500917,0.9998031336427162,0.9999972434314315,0.9945243557890044
4.04,2.739380481640964,0.9998093910684122,0.9999973526166716,0.9946562833719836
4.05,2.7459819456398815,0.9998154474276835,0.9999974573994695,0.9947850612882233
4.06,2.752582979439836,0.9998213092324255,0.9999975579603223,0.994910763193128
4.07,2.7591835841283663,0.9998269827827655,0.9999976544722118,0.9950334610863597
4.08,2.765783760787592,0.9998324741739428,0.9999977471009213,0.9951532253463796
4.09,2.7723835104942625,0.9998377893029687,0.9999978360053401,0.9952701247643765
4.1,2.7789828343197915,0.9998429338750696,0.999997921337754,0.9953842265775846
4.109999999999999,2.7855817333302966,0.9998479134099238,0.9999980032441236,0.9954955965020008
4.12,2.7921802085866405,0.9998527332476963,0.9999980818643507,0.9956042987645061
4.13,2.7987782611444665,0.999857398554878,0.9999981573325339,0.9957103961344002
4.14,2.80537589205424,0.999861914329937,0.9999982297772123,0.9958139499543545
4.1499999999999995,2.8119731023612844,0.9998662854087867,0.9999982993215997,0.9959150201707917
4.16,2.8185698931058196,0.999870516470077,0.9999983660838081,0.9960136653637
4.17,2.825166265322997,0.9998746120403138,0.9999984301770626,0.9961099427758867
4.18,2.8317622200429393,0.9998785764988135,0.9999984917099057,0.9962039083416823
4.1899999999999995,2.8383577582907757,0.9998824140824961,0.9999985507863952,0.9962956167150981
4.2,2.844952881086677,0.9998861288905231,0.9999986075062905,0.9963851212974497
4.21,2.8515475894458913,0.9998897248887854,0.9999986619652345,0.9964724742644483
4.22,2.8581418843787825,0.9998932059142449,0.9999987142549247,0.9965577265927729
4.2299999999999995,2.86473576689086,0.9998965756791356,0.9999987644632791,0.9966409280861266
4.24,2.87132923798282,0.9998998377750283,0.9999988126745942,0.9967221274007865
4.25,2.877922298650572,0.9999029956767628,0.9999988589696964,0.9968013720706542
4.26,2.8845149498852813,0.9999060527462524,0.999998903426087,0.9968787085318148
4.27,2.8911071926733958,0.9999090122361657,0.9999989461180809,0.9969541821466109
4.28,2.8976990279966834,0.9999118772934867,0.9999989871169401,0.9970278372272403
4.29,2.9042904568322636,0.9999146509629615,0.9999990264910005,0.9970997170588833
4.3,2.91088148015264,0.9999173361904301,0.9999990643057941,0.9971698639223695
4.31,2.9174720989257343,0.9999199358260523,0.9999991006241661,0.9972383191163873
4.32,2.924062314114918,0.9999224526274273,0.9999991355063861,0.9973051229792483
4.33,2.9306521266790417,0.9999248892626111,0.9999991690102561,0.9973703149102106
4.34,2.93724153757247,0.9999272483130371,0.9999992011912124,0.9974339333903682
4.35,2.9438305477451125,0.9999295322763405,0.9999992321024245,0.9974960160031165
4.36,2.950419158142454,0.9999317435690906,0.9999992617948886,0.9975565994541977
4.37,2.957007369705581,0.9999338845294348,0.9999992903175187,0.9976157195913348
4.38,2.963595183371223,0.9999359574196551,0.999999317717232,0.9976734114234612
4.39,2.9701826000717695,0.9999379644286431,0.9999993440390326,0.9977297091395538
4.3999999999999995,2.97676962073531,0.9999399076742919,0.9999993693260899,0.9977846461270728
4.41,2.98335624628566,0.9999417892058121,0.9999993936198152,0.9978382549900204
4.42,2.989942477642388,0.9999436110059707,0.9999994169599341,0.9978905675666203
4.43,2.9965283157208478,0.999945374993258,0.9999994393845566,0.9979416149466279
4.4399999999999995,3.0031137614322065,0.9999470830239827,0.9999994609302434,0.9979914274882764
4.45,3.009698815683473,0.9999487368942999,0.99999948163207,0.9980400348348656
4.46,3.016283479377525,0.9999503383421711,0.9999995015236883,0.9980874659309995
4.47,3.0228677534131387,0.9999518890492622,0.9999995206373852,0.9981337490384805
4.4799999999999995,3.029451638685017,0.9999533906427781,0.9999995390041383,0.9981789117518648
4.49,3.0360351360838145,0.9999548446972374,0.9999995566536708,0.998222981013686
4.5,3.0426182464961666,0.9999562527361903,0.9999995736145025,0.9982659831293533
4.51,3.049200970804716,0.9999576162338786,0.9999995899139994,0.9983079437817307
4.52,3.0557833098881413,0.9999589366168431,0.9999996055784213,0.9983488880454013
4.53,3.06236526462118,0.9999602152654778,0.9999996206329669,0.9983888404006254
4.54,3.0689468358746574,0.9999614535155327,0.9999996351018179,0.9984278247469962
4.55,3.0755280245155125,0.9999626526595684,0.9999996490081804,0.9984658644168
4.56,3.0821088314068232,0.9999638139483629,0.9999996623743249,0.9985029821880855
4.57,3.0886892574078315,0.9999649385922721,0.9999996752216248,0.9985392002974494
4.58,3.09526930337397,0.9999660277625461,0.9999996875705928,0.9985745404525417
4.59,3.1018489701568868,0.9999670825926025,0.9999996994409165,0.9986090238442991
4.6,3.10842825860447,0.9999681041792579,0.999999710851492,0.9986426711589083
4.61,3.1150071695608723,0.999969093583919,0.9999997218204564,0.9986755025895075
4.62,3.121585703866536,0.9999700518337357,0.9999997323652183,0.9987075378476301
4.63,3.128163862358219,0.9999709799227147,0.9999997425024885,0.9987387961743954
4.64,3.1347416458690143,0.9999718788127986,0.999999752248307,0.9987692963514517
4.6499999999999995,3.1413190552283776,0.9999727494349087,0.9999997616180719,0.9987990567116775
4.66,3.1478960912621528,0.9999735926899534,0.9999997706265646,0.9988280951496441
4.67,3.1544727547925877,0.9999744094498053,0.9999997792879751,0.998856429131846
4.68,3.161049046638366,0.9999752005582436,0.9999997876159262,0.9988840757067032
4.6899999999999995,3.1676249676146253,0.9999759668318687,0.9999997956234966,0.9989110515143392
4.7,3.1742005185329827,0.9999767090609845,0.9999998033232425,0.9989373727961413
4.71,3.1807757002015533,0.9999774280104533,0.9999998107272193,0.9989630554041049
4.72,3.1873505134249793,0.9999781244205226,0.9999998178470022,0.9989881148099703
4.7299999999999995,3.193924959004445,0.9999787990076235,0.9999998246937049,0.9990125661141508
4.74,3.200499037737706,0.9999794524651456,0.9999998312779985,0.9990364240544622
4.75,3.2070727504191034,0.9999800854641837,0.9999998376101301,0.9990597030146532
4.76,3.2136460978395918,0.9999806986542622,0.9999998436999392,0.999082417032744
4.77,3.2202190807867597,0.9999812926640349,0.9999998495568743,0.9991045798091753
4.78,3.2267917000448483,0.9999818681019621,0.999999855190009,0.9991262047147725
4.79,3.2333639563947747,0.9999824255569659,0.9999998606080568,0.999147304798529
4.8,3.239935850614152,0.9999829655990634,0.999999865819386,0.9991678927952117
4.81,3.246507383477311,0.9999834887799799,0.9999998708320335,0.9991879811327935
4.82,3.2530785557553217,0.9999839956337416,0.9999998756537176,0.9992075819397164
4.83,3.2596493682160097,0.9999844866772495,0.9999998802918517,0.9992267070519872
4.84,3.2662198216239813,0.9999849624108339,0.9999998847535562,0.999245368020112
4.85,3.272789916740641,0.9999854233187914,0.9999998890456698,0.9992635761158705
4.86,3.279359654324214,0.9999858698699037,0.9999998931747619,0.9992813423389355
4.87,3.2859290351297594,0.9999863025179403,0.9999998971471423,0.9992986774233398
4.88,3.2924980599092,0.999986721702144,0.9999999009688724,0.9993155918437933
4.89,3.299066729411333,0.9999871278477014,0.9999999046457746,0.9993320958218562
4.8999999999999995,3.3056350443818543,0.9999875213661968,0.9999999081834424,0.9993481993319676
4.91,3.3122030055633753,0.9999879026560531,0.9999999115872491,0.9993639121073361
4.92,3.3187706136954427,0.9999882721029564,0.999999914862357,0.9993792436456927
4.93,3.325337869514557,0.9999886300802681,0.9999999180137255,0.9993942032149121
4.9399999999999995,3.3319047737541925,0.9999889769494228,0.9999999210461195,0.9994087998585013
4.95,3.338471327144815,0.9999893130603144,0.999999923964117,0.9994230424009622
4.96,3.3450375304138973,0.9999896387516674,0.9999999267721165,0.999436939453029
4.97,3.3516033842859447,0.9999899543513987,0.9999999294743444,0.9994504994167833
4.9799999999999995,3.3581688894825046,0.999990260176966,0.9999999320748615,0.9994637304906497
4.99,3.36473404672219,0.9999905565357048,0.9999999345775702,0.9994766406742758
5.0,3.3712988567206965,0.9999908437251556,0.9999999369862199,0.9994892377732967
